Video ID,Action,Updated Title,Updated Description,Hashtags,Pinned Comment,Thumbnail Text
USUhj8Y9BW4,Keep public,Why Vecna's Music Scene Works | Stranger Things Decoded,"This Stranger Things moment works because the music is not just nostalgia. It becomes the emotional key that keeps Vecna from fully controlling the scene. SceneCipher HQ decodes the hidden logic behind iconic anime, movie, and series moments.",#strangerthings #vecna #scenecipher #shorts,Was music the smartest weapon against Vecna?,MUSIC WAS THE WEAPON
gKpmGz1quRE,Keep public,This Scene Proves Music Can Beat Vecna | Stranger Things Decoded,"This edit works because Vecna scenes are built around fear, memory, and sound. The music changes the emotional control of the scene before the character escapes it.",#strangerthings #vecna #sceneexplained #shorts,Which song would save you from Vecna?,THE SONG CHANGED EVERYTHING
QMqLLWJKw9g,Keep public,Shanks' Secret Was Hidden in This Clue | One Piece Decoded,"Shanks always feels calm, but One Piece hides danger inside quiet reactions. This Short decodes the clue that makes his secret feel bigger than a normal reveal.",#onepiece #shanks #animeexplained #shorts,What is Shanks really hiding?,SHANKS' HIDDEN CLUE
zBZkacw_qaY,Keep public,Why This Stranger Things Moment Feels So Intense | Scene Decoded,"The scene feels intense because the edit uses contrast: fear, timing, and music all hit together. That is why the moment works even before the full threat appears.",#strangerthings #sceneexplained #scenecipher #shorts,Did the music make this scene better or funnier?,WHY THIS HIT SO HARD
t56V5mQv4fE,Keep public,Why Batman's Hockey Pads Line Works | Dark Knight Decoded,"This line works because Batman does not explain himself. He ends the comparison instantly, and the scene reminds us that fear and presence are part of his power.",#batman #thedarkknight #movieexplained #shorts,Is this Batman's coldest one-liner?,BATMAN ENDED IT
VG8IKMVj0IA,Keep public,Why Music Matters So Much in Stranger Things | Scene Decoded,"Stranger Things uses music as more than background. It becomes memory, identity, and survival. This Short decodes why the scene connects so fast.",#strangerthings #netflixseries #sceneexplained #shorts,Which Stranger Things music moment is the best?,MUSIC = MEMORY
f2Q-pq8ZxkE,Keep public - fix description,Why Will Feels Different Here | Stranger Things Decoded,Will's quiet scenes matter because Stranger Things often hides the real clue in his reactions. This moment feels different because the character is no longer just afraid; he understands the threat.,#strangerthings #willbyers #scenecipher #shorts,Is Will the key to ending Vecna?,WILL KNOWS TOO MUCH
GkkJpZnh8yE,Keep public,Watchman's Identity Reveal Explained | Gachiakuta Decoded,A reveal only works when the story plants the right clues first. This Gachiakuta moment lands because the mystery gives viewers just enough information before the answer appears.,#gachiakuta #animeexplained #anime #shorts,Did you predict the Watchman reveal?,THE REVEAL WAS SET UP
UyNWbs49QI4,Keep public,The First Clue Was the Music | Stranger Things Decoded,"This scene works because the music creates the emotional shortcut. Viewers understand the fear, the memory, and the escape before the scene has to explain everything.",#strangerthings #vecna #sceneexplained #shorts,Would this scene work without the music?,THE FIRST MUSIC CLUE
xf_Z5mxqJao,Private,,,,,
5uSWPTBNvPo,Private - remake,Whitebeard's Final Words Changed One Piece | Scene Decoded,Whitebeard's final speech works because it turns a death scene into a world-level warning. This Short decodes why one line changes the entire pirate era.,#onepiece #whitebeard #animeexplained #shorts,Is this the most important speech in One Piece?,ONE LINE CHANGED THE WORLD
sQGh4-irhMY,Private - remake,Why Joker's Hospital Pause Became Iconic | Dark Knight Decoded,"The explosion is famous, but the pause is what makes the scene memorable. Joker's confusion turns chaos into dark comedy before the final blast.",#joker #thedarkknight #movieexplained #shorts,Was the pause funnier or scarier?,THE PAUSE MADE IT ICONIC
XlMu5L4UXz4,Private,,,,,
a9oZJNlqUR0,Private,,,,,
la3cnjtDDnw,Private,,,,,
2gO8BIZX-wE,Private,,,,,
4JleklbeikI,Private,,,,,
gcdTug8lRTQ,Private - remake,Why Everyone Reacting Makes Luffy Stronger | One Piece Decoded,"Luffy's biggest moments work because the world reacts before he explains himself. This scene uses shock, silence, and scale to make his power feel larger.",#onepiece #luffy #animeexplained #shorts,Which Luffy reaction scene is the best?,REACTIONS MAKE LUFFY BIGGER
ww92GAxrglQ,Private,,,,,
